url,section,template,templateName,disposition
"https://mykp.kp.org/en.html","(home)","M1","Public informational (about-kp)","migrate-caveats"
"https://mykp.kp.org/en/about-kp/equity-inclusion-and-diversity.html","about-kp","M1","Public informational (about-kp)","migrate-caveats"
"https://mykp.kp.org/en/about-kp/fast-facts.html","about-kp","M1","Public informational (about-kp)","migrate-caveats"
"https://mykp.kp.org/en/about-kp/health-public-policy.html","about-kp","M1","Public informational (about-kp)","migrate-caveats"
"https://mykp.kp.org/en/about-kp/healthy-communities.html","about-kp","M1","Public informational (about-kp)","migrate-caveats"
"https://mykp.kp.org/en/about-kp/our-commitments.html","about-kp","M1","Public informational (about-kp)","migrate-caveats"
"https://mykp.kp.org/en/about-kp/our-history.html","about-kp","M1","Public informational (about-kp)","migrate-caveats"
"https://mykp.kp.org/en/about-kp/our-mission-and-model.html","about-kp","M1","Public informational (about-kp)","migrate-caveats"
"https://mykp.kp.org/en/about-kp/our-people.html","about-kp","M1","Public informational (about-kp)","migrate-caveats"
"https://mykp.kp.org/en/about-kp/our-strategy.html","about-kp","M1","Public informational (about-kp)","migrate-caveats"
"https://mykp.kp.org/en/about-kp/our-strategy/foundational-commitments.html","about-kp","M1","Public informational (about-kp)","migrate-caveats"
"https://mykp.kp.org/en/about-kp/our-strategy/goals.html","about-kp","M1","Public informational (about-kp)","migrate-caveats"
"https://mykp.kp.org/en/about-kp/our-strategy/our-strategic-vision.html","about-kp","M1","Public informational (about-kp)","migrate-caveats"
"https://mykp.kp.org/en/about-kp/structure-and-functions.html","about-kp","M1","Public informational (about-kp)","migrate-caveats"
"https://mykp.kp.org/en/about-kp/who-we-are.html","about-kp","M1","Public informational (about-kp)","migrate-caveats"
"https://mykp.kp.org/en/admin/privacy-practices.html","admin","M2","Authenticated intranet content (HR / procurement / tools)","exclude"
"https://mykp.kp.org/en/admin/terms-and-conditions.html","admin","M2","Authenticated intranet content (HR / procurement / tools)","exclude"
"https://mykp.kp.org/en/content/buy.html","content","M2","Authenticated intranet content (HR / procurement / tools)","exclude"
"https://mykp.kp.org/en/content/buy/contract-process.html","content","M2","Authenticated intranet content (HR / procurement / tools)","exclude"
"https://mykp.kp.org/en/content/buy/expenses-and-travel.html","content","M2","Authenticated intranet content (HR / procurement / tools)","exclude"
"https://mykp.kp.org/en/content/buy/invoicing.html","content","M2","Authenticated intranet content (HR / procurement / tools)","exclude"
"https://mykp.kp.org/en/content/buy/manage-credit-card.html","content","M2","Authenticated intranet content (HR / procurement / tools)","exclude"
"https://mykp.kp.org/en/content/buy/order-device-software.html","content","M2","Authenticated intranet content (HR / procurement / tools)","exclude"
"https://mykp.kp.org/en/content/buy/order-medical-supplies.html","content","M2","Authenticated intranet content (HR / procurement / tools)","exclude"
"https://mykp.kp.org/en/content/buy/order-office-supplies.html","content","M2","Authenticated intranet content (HR / procurement / tools)","exclude"
"https://mykp.kp.org/en/content/buy/request-services.html","content","M2","Authenticated intranet content (HR / procurement / tools)","exclude"
"https://mykp.kp.org/en/content/colorado/colorado-weather.html","content","M2","Authenticated intranet content (HR / procurement / tools)","exclude"
"https://mykp.kp.org/en/content/colorado/flu-information.html","content","M2","Authenticated intranet content (HR / procurement / tools)","exclude"
"https://mykp.kp.org/en/content/colorado/growth.html","content","M2","Authenticated intranet content (HR / procurement / tools)","exclude"
"https://mykp.kp.org/en/content/hawaii/hawaii-flu-resources.html","content","M2","Authenticated intranet content (HR / procurement / tools)","exclude"
"https://mykp.kp.org/en/content/help.html","content","M2","Authenticated intranet content (HR / procurement / tools)","exclude"
"https://mykp.kp.org/en/content/hr/recognition.html","content","M2","Authenticated intranet content (HR / procurement / tools)","exclude"
"https://mykp.kp.org/en/content/hr/workforce-well-being/manager-playbook.html","content","M2","Authenticated intranet content (HR / procurement / tools)","exclude"
"https://mykp.kp.org/en/content/hr/workforce-well-being/mental-health-resources.html","content","M2","Authenticated intranet content (HR / procurement / tools)","exclude"
"https://mykp.kp.org/en/content/hr/workforce-well-being/support/well-being-tips.html","content","M2","Authenticated intranet content (HR / procurement / tools)","exclude"
"https://mykp.kp.org/en/content/learn.html","content","M2","Authenticated intranet content (HR / procurement / tools)","exclude"
"https://mykp.kp.org/en/content/learn.html?tab=ForManagers","content","M2","Authenticated intranet content (HR / procurement / tools)","exclude"
"https://mykp.kp.org/en/content/national/flu.html","content","M2","Authenticated intranet content (HR / procurement / tools)","exclude"
"https://mykp.kp.org/en/content/national/team-development-and-culture.html","content","M2","Authenticated intranet content (HR / procurement / tools)","exclude"
"https://mykp.kp.org/en/content/northwest/northwest.html","content","M2","Authenticated intranet content (HR / procurement / tools)","exclude"
"https://mykp.kp.org/en/content/scal/flu-resources.html","content","M2","Authenticated intranet content (HR / procurement / tools)","exclude"
"https://mykp.kp.org/en/content/washington/growth.html","content","M2","Authenticated intranet content (HR / procurement / tools)","exclude"
"https://mykp.kp.org/en/content/washington/kp-washington-integrated-turn-around-initiatives.html","content","M2","Authenticated intranet content (HR / procurement / tools)","exclude"
"https://mykp.kp.org/en/feedback.html","feedback.html","M3","Auth / utility / assets (sign-in, clientlibs, feedback)","exclude"
"https://mykp.kp.org/en/hr/benefits/family-benefits/benefits-voluntary-programs.html","hr","M2","Authenticated intranet content (HR / procurement / tools)","exclude"
"https://mykp.kp.org/en/hr/benefits/family-benefits/family-resources.html","hr","M2","Authenticated intranet content (HR / procurement / tools)","exclude"
"https://mykp.kp.org/en/hr/benefits/family-benefits/life-events/life-events-family-children.html","hr","M2","Authenticated intranet content (HR / procurement / tools)","exclude"
"https://mykp.kp.org/en/hr/benefits/family-benefits/self-family-community.html","hr","M2","Authenticated intranet content (HR / procurement / tools)","exclude"
"https://mykp.kp.org/en/hr/benefits/family-benefits/self-family-community/injured-at-work.html","hr","M2","Authenticated intranet content (HR / procurement / tools)","exclude"
"https://mykp.kp.org/en/hr/benefits/insurance-and-disability.html","hr","M2","Authenticated intranet content (HR / procurement / tools)","exclude"
"https://mykp.kp.org/en/hr/benefits/my-health-benefits.html","hr","M2","Authenticated intranet content (HR / procurement / tools)","exclude"
"https://mykp.kp.org/en/hr/benefits/my-health-benefits/benefits-documents/all-documents.html","hr","M2","Authenticated intranet content (HR / procurement / tools)","exclude"
"https://mykp.kp.org/en/hr/benefits/my-health-benefits/benefits-enrollment/enrollment-steps/understand-your-options.html","hr","M2","Authenticated intranet content (HR / procurement / tools)","exclude"
"https://mykp.kp.org/en/hr/benefits/my-health-benefits/my-beneficiaries.html","hr","M2","Authenticated intranet content (HR / procurement / tools)","exclude"
"https://mykp.kp.org/en/hr/benefits/retirement.html","hr","M2","Authenticated intranet content (HR / procurement / tools)","exclude"
"https://mykp.kp.org/en/hr/benefits/ways-to-save/flexible-spending-accounts.html","hr","M2","Authenticated intranet content (HR / procurement / tools)","exclude"
"https://mykp.kp.org/en/hr/career.html","hr","M2","Authenticated intranet content (HR / procurement / tools)","exclude"
"https://mykp.kp.org/en/hr/career/education-assistance.html","hr","M2","Authenticated intranet content (HR / procurement / tools)","exclude"
"https://mykp.kp.org/en/hr/career/manage-career.html","hr","M2","Authenticated intranet content (HR / procurement / tools)","exclude"
"https://mykp.kp.org/en/hr/financial-wellness/financial-resources.html","hr","M2","Authenticated intranet content (HR / procurement / tools)","exclude"
"https://mykp.kp.org/en/hr/forms-catalog.html","hr","M2","Authenticated intranet content (HR / procurement / tools)","exclude"
"https://mykp.kp.org/en/hr/forms-catalog/manager.html","hr","M2","Authenticated intranet content (HR / procurement / tools)","exclude"
"https://mykp.kp.org/en/hr/manager-tools/compensation.html","hr","M2","Authenticated intranet content (HR / procurement / tools)","exclude"
"https://mykp.kp.org/en/hr/manager-tools/compensation/annual-compensation-cycle/my-executives/communicate-pay.html","hr","M2","Authenticated intranet content (HR / procurement / tools)","exclude"
"https://mykp.kp.org/en/hr/manager-tools/compensation/annual-compensation-cycle/my-executives/make-pay-decisions.html","hr","M2","Authenticated intranet content (HR / procurement / tools)","exclude"
"https://mykp.kp.org/en/hr/manager-tools/compensation/annual-compensation.html","hr","M2","Authenticated intranet content (HR / procurement / tools)","exclude"
"https://mykp.kp.org/en/hr/manager-tools/compensation/inline-career-promotion/steps/submit-promotion-recommendations.html","hr","M2","Authenticated intranet content (HR / procurement / tools)","exclude"
"https://mykp.kp.org/en/hr/manager-tools/compensation/pay-programs.html","hr","M2","Authenticated intranet content (HR / procurement / tools)","exclude"
"https://mykp.kp.org/en/hr/manager-tools/manage-team-time-off-absences.html","hr","M2","Authenticated intranet content (HR / procurement / tools)","exclude"
"https://mykp.kp.org/en/hr/manager-tools/manager-report-catalog.html","hr","M2","Authenticated intranet content (HR / procurement / tools)","exclude"
"https://mykp.kp.org/en/hr/manager-tools/plan-and-hire/ctmp.html","hr","M2","Authenticated intranet content (HR / procurement / tools)","exclude"
"https://mykp.kp.org/en/hr/manager-tools/plan-and-hire/ctmp/consulting-professional-services.html","hr","M2","Authenticated intranet content (HR / procurement / tools)","exclude"
"https://mykp.kp.org/en/hr/manager-tools/plan-and-hire/ctmp/terminate-contingent-worker.html","hr","M2","Authenticated intranet content (HR / procurement / tools)","exclude"
"https://mykp.kp.org/en/hr/manager-tools/plan-and-hire/fill-a-position-employee/manager/create-a-requisition.html","hr","M2","Authenticated intranet content (HR / procurement / tools)","exclude"
"https://mykp.kp.org/en/hr/manager-tools/plan-and-hire/fill-a-position-executive/manager/open-a-requisition.html","hr","M2","Authenticated intranet content (HR / procurement / tools)","exclude"
"https://mykp.kp.org/en/hr/manager-tools/plan-and-hire/hr-action-guides.html","hr","M2","Authenticated intranet content (HR / procurement / tools)","exclude"
"https://mykp.kp.org/en/hr/manager-tools/plan-and-hire/hr-action-guides/delegation-and-access/delegation.html","hr","M2","Authenticated intranet content (HR / procurement / tools)","exclude"
"https://mykp.kp.org/en/hr/manager-tools/plan-and-hire/managing-represented-employees.html","hr","M2","Authenticated intranet content (HR / procurement / tools)","exclude"
"https://mykp.kp.org/en/hr/manager-tools/plan-and-hire/talent-planning/jobs-overview.html","hr","M2","Authenticated intranet content (HR / procurement / tools)","exclude"
"https://mykp.kp.org/en/hr/money/financial-assistance.html","hr","M2","Authenticated intranet content (HR / procurement / tools)","exclude"
"https://mykp.kp.org/en/hr/money/pay.html","hr","M2","Authenticated intranet content (HR / procurement / tools)","exclude"
"https://mykp.kp.org/en/hr/money/pay/pay-calendar.html","hr","M2","Authenticated intranet content (HR / procurement / tools)","exclude"
"https://mykp.kp.org/en/hr/money/taxes.html","hr","M2","Authenticated intranet content (HR / procurement / tools)","exclude"
"https://mykp.kp.org/en/hr/perform-and-grow.html","hr","M2","Authenticated intranet content (HR / procurement / tools)","exclude"
"https://mykp.kp.org/en/hr/perform-and-grow/development.html","hr","M2","Authenticated intranet content (HR / procurement / tools)","exclude"
"https://mykp.kp.org/en/hr/perform-and-grow/performance-improvement.html","hr","M2","Authenticated intranet content (HR / procurement / tools)","exclude"
"https://mykp.kp.org/en/hr/safety-and-security.html","hr","M2","Authenticated intranet content (HR / procurement / tools)","exclude"
"https://mykp.kp.org/en/hr/safety-and-security/online-safety.html","hr","M2","Authenticated intranet content (HR / procurement / tools)","exclude"
"https://mykp.kp.org/en/hr/safety-and-security/personal-safety.html","hr","M2","Authenticated intranet content (HR / procurement / tools)","exclude"
"https://mykp.kp.org/en/hr/safety-and-security/safety-at-work.html","hr","M2","Authenticated intranet content (HR / procurement / tools)","exclude"
"https://mykp.kp.org/en/hr/time/attendance-tools.html","hr","M2","Authenticated intranet content (HR / procurement / tools)","exclude"
"https://mykp.kp.org/en/hr/time/leave-of-absence.html","hr","M2","Authenticated intranet content (HR / procurement / tools)","exclude"
"https://mykp.kp.org/en/hr/time/managing-meal-and-rest-periods.html","hr","M2","Authenticated intranet content (HR / procurement / tools)","exclude"
"https://mykp.kp.org/en/hr/time/meal-and-rest-periods.html","hr","M2","Authenticated intranet content (HR / procurement / tools)","exclude"
"https://mykp.kp.org/en/hr/time/timekeeping/salaried-employee.html","hr","M2","Authenticated intranet content (HR / procurement / tools)","exclude"
"https://mykp.kp.org/en/hr/time/timekeeping/timekeeping-process/employee.html","hr","M2","Authenticated intranet content (HR / procurement / tools)","exclude"
"https://mykp.kp.org/en/hr/time/timekeeping/timekeeping-process/manager-hourly-special-exempt.html","hr","M2","Authenticated intranet content (HR / procurement / tools)","exclude"
"https://mykp.kp.org/en/hr/time/timekeeping/timekeeping-process/manager-salaried.html","hr","M2","Authenticated intranet content (HR / procurement / tools)","exclude"
"https://mykp.kp.org/en/hr/time/timekeeping/timekeeping-process/manager.html","hr","M2","Authenticated intranet content (HR / procurement / tools)","exclude"
"https://mykp.kp.org/en/hr/time/timeoff/holidays.html","hr","M2","Authenticated intranet content (HR / procurement / tools)","exclude"
"https://mykp.kp.org/en/hr/time/timeoff/my-time-off-benefits.html","hr","M2","Authenticated intranet content (HR / procurement / tools)","exclude"
"https://mykp.kp.org/en/hr/time/work-schedules/flexible-arrangement.html","hr","M2","Authenticated intranet content (HR / procurement / tools)","exclude"
"https://mykp.kp.org/en/hr/videos/boost-feedback-learning-journey.html","hr","M3","Auth / utility / assets (sign-in, clientlibs, feedback)","exclude"
"https://mykp.kp.org/en/hr/wellness.html","hr","M2","Authenticated intranet content (HR / procurement / tools)","exclude"
"https://mykp.kp.org/en/hr/wellness.html?tab=ForManagers","hr","M2","Authenticated intranet content (HR / procurement / tools)","exclude"
"https://mykp.kp.org/en/hr/wellness/employee-assistance.html","hr","M2","Authenticated intranet content (HR / procurement / tools)","exclude"
"https://mykp.kp.org/en/hr/wellness/mental-health.html","hr","M2","Authenticated intranet content (HR / procurement / tools)","exclude"
"https://mykp.kp.org/en/hr/wellness/physical-health.html","hr","M2","Authenticated intranet content (HR / procurement / tools)","exclude"
"https://mykp.kp.org/en/hr/wellness/well-being-tips.html","hr","M2","Authenticated intranet content (HR / procurement / tools)","exclude"
"https://mykp.kp.org/en/hr/work-at-kp/compliance/condition-of-employment-training.html","hr","M2","Authenticated intranet content (HR / procurement / tools)","exclude"
"https://mykp.kp.org/en/hr/work-at-kp/compliance/employment-law-postings.html","hr","M2","Authenticated intranet content (HR / procurement / tools)","exclude"
"https://mykp.kp.org/en/hr/work-at-kp/compliance/hr-policies/policies.html","hr","M2","Authenticated intranet content (HR / procurement / tools)","exclude"
"https://mykp.kp.org/en/hr/work-at-kp/compliance/license-certifications-and-registrations.html","hr","M2","Authenticated intranet content (HR / procurement / tools)","exclude"
"https://mykp.kp.org/en/hr/work-at-kp/compliance/regulatory-file-compliance.html","hr","M2","Authenticated intranet content (HR / procurement / tools)","exclude"
"https://mykp.kp.org/en/hr/work-at-kp/culture-and-diversity/people-pulse.html","hr","M2","Authenticated intranet content (HR / procurement / tools)","exclude"
"https://mykp.kp.org/en/hr/work-at-kp/employment/employment-verification.html","hr","M2","Authenticated intranet content (HR / procurement / tools)","exclude"
"https://mykp.kp.org/en/hr/work-at-kp/employment/involuntary-termination.html","hr","M2","Authenticated intranet content (HR / procurement / tools)","exclude"
"https://mykp.kp.org/en/hr/work-at-kp/employment/voluntary-termination-resignation.html","hr","M2","Authenticated intranet content (HR / procurement / tools)","exclude"
"https://mykp.kp.org/en/hr/work-at-kp/employment/voluntary-termination-resignation/employee.html","hr","M2","Authenticated intranet content (HR / procurement / tools)","exclude"
"https://mykp.kp.org/en/hr/work-at-kp/employment/voluntary-termination-resignation/manager.html","hr","M2","Authenticated intranet content (HR / procurement / tools)","exclude"
"https://mykp.kp.org/en/hr/work-at-kp/flexible-and-remote-work.html","hr","M2","Authenticated intranet content (HR / procurement / tools)","exclude"
"https://mykp.kp.org/en/hr/work-at-kp/labor-contracts/local-contracts.html","hr","M2","Authenticated intranet content (HR / procurement / tools)","exclude"
"https://mykp.kp.org/en/hr/work-at-kp/labor-contracts/my-agreements.html","hr","M2","Authenticated intranet content (HR / procurement / tools)","exclude"
"https://mykp.kp.org/en/hr/work-at-kp/personal-information/personal-data-change.html","hr","M2","Authenticated intranet content (HR / procurement / tools)","exclude"
"https://mykp.kp.org/en/hr/work-at-kp/work-environment-issues/report-issue.html","hr","M2","Authenticated intranet content (HR / procurement / tools)","exclude"
"https://mykp.kp.org/en/hr/work-at-kp/workplace-safety/disability-resources-and-job-accommodations.html","hr","M2","Authenticated intranet content (HR / procurement / tools)","exclude"
"https://mykp.kp.org/en/maui-health.html","maui-health.html","M2","Authenticated intranet content (HR / procurement / tools)","exclude"
"https://mykp.kp.org/en/news","news","M2","Authenticated intranet content (HR / procurement / tools)","exclude"
"https://mykp.kp.org/en/news.html?type=all-news","news.html","M2","Authenticated intranet content (HR / procurement / tools)","exclude"
"https://mykp.kp.org/en/profile-preferences.html","profile-preferences.html","M3","Auth / utility / assets (sign-in, clientlibs, feedback)","exclude"
"https://mykp.kp.org/en/tasks.html","tasks.html","M3","Auth / utility / assets (sign-in, clientlibs, feedback)","exclude"
"https://mykp.kp.org/en/tools/all-tools.html","tools","M2","Authenticated intranet content (HR / procurement / tools)","exclude"
"https://mykp.kp.org/en/tools/favorites.html","tools","M2","Authenticated intranet content (HR / procurement / tools)","exclude"
"https://mykp.kp.org/en/tools/tools-sort.html","tools","M2","Authenticated intranet content (HR / procurement / tools)","exclude"
"https://mykp.kp.org/etc.clientlibs/kp-comms/components/content/media-text-wrap/clientlibs.min.d41d8cd98f00b204e9800998ecf8427e.css","kp-comms","M3","Auth / utility / assets (sign-in, clientlibs, feedback)","exclude"
"https://mykp.kp.org/etc.clientlibs/kp-comms/components/content/value-prop/clientlibs.min.d41d8cd98f00b204e9800998ecf8427e.css","kp-comms","M3","Auth / utility / assets (sign-in, clientlibs, feedback)","exclude"
"https://mykp.kp.org/etc.clientlibs/org/kp/mykp/mykp-aem-base/clientlibs/clientlib-dependencies.min.cfef4d1b7c47f16f6bf7748de5fe62c5.css","org","M3","Auth / utility / assets (sign-in, clientlibs, feedback)","exclude"
"https://mykp.kp.org/etc.clientlibs/org/kp/mykp/mykp/clientlibs/clientlib-all.min.760383bcd657d75e12dd23f4a4544782.css","org","M3","Auth / utility / assets (sign-in, clientlibs, feedback)","exclude"
"https://mykp.kp.org/etc.clientlibs/org/kp/mykp/mykp/clientlibs/clientlib-site/resources/apple-touch-icon-120x120.png","org","M3","Auth / utility / assets (sign-in, clientlibs, feedback)","exclude"
"https://mykp.kp.org/etc.clientlibs/org/kp/mykp/mykp/clientlibs/clientlib-site/resources/apple-touch-icon-152x152.png","org","M3","Auth / utility / assets (sign-in, clientlibs, feedback)","exclude"
"https://mykp.kp.org/etc.clientlibs/org/kp/mykp/mykp/clientlibs/clientlib-site/resources/apple-touch-icon-167x167.png","org","M3","Auth / utility / assets (sign-in, clientlibs, feedback)","exclude"
"https://mykp.kp.org/etc.clientlibs/org/kp/mykp/mykp/clientlibs/clientlib-site/resources/apple-touch-icon-180x180.png","org","M3","Auth / utility / assets (sign-in, clientlibs, feedback)","exclude"
"https://mykp.kp.org/etc.clientlibs/org/kp/mykp/mykp/clientlibs/clientlib-site/resources/icon-192x192.png","org","M3","Auth / utility / assets (sign-in, clientlibs, feedback)","exclude"
"https://mykp.kp.org/sign-in.html","(home)","M3","Auth / utility / assets (sign-in, clientlibs, feedback)","exclude"